Organism	Code	NumberOfUTRs	NumberOfUTRsWithTSC	Expected	A	C	G	T
Stentor coeruleus	1	34247	18582	3529.3131705615283	0.38504725025698533	0.07034535323801513	0.13110048126343332	0.4135069152415662
Euplotes octocarinatus	10	28836	10028	2148.0446806372966	0.3887202586641013	0.11809711017187549	0.10519168857509004	0.38799094258893313
Ichthyophthirius mutifilis	6	6852	628	97.93202846999488	0.4410601439016915	0.04804506779141552	0.0742056947707935	0.43668909353609947
Oxytricha trifallax	6	24776	3849	448.80062362751636	0.4172484011132167	0.10364863037612437	0.12135192461771016	0.35775104389294876
Paramecium tetraurelia 	6	39248	4912	563.5633249846927	0.39949423852322746	0.07656489862476193	0.08117917587632412	0.4427616869756865
Pseudocohnilembus persalinus	6	13176	1752	174.60679533674048	0.45953597097731463	0.0559506371481265	0.0694829195728565	0.41503047230170237
Stylonychia lemnae	6	15741	2629	287.23673139985533	0.3885553649704593	0.11682548758020456	0.12814941871545646	0.3664697287338797
Tetrahymena borealis	6	20342	2900	344.6627551261917	0.43105118007659066	0.08297160048962977	0.1025027160688038	0.38347450336497574
Tetrahymena ellioti	6	20223	2470	294.65919105763453	0.4509222172773575	0.09021411264401918	0.08686149433812985	0.3720021757404935
Tetrahymena malaccensis	6	21694	2626	322.3358050036478	0.45216419286438647	0.08444270305153499	0.08739513229464368	0.3759979717894349
Tetrahymena thermophila	6	26498	3046	390.7049413111558	0.44917163559513923	0.08223639519963771	0.08574232017510755	0.3828496490301155
Giardia intestinalis	1	6498	1779	341.9536072286039	0.2628808864265928	0.2307017543859649	0.2277854724530625	0.27863188673437983
Giardia muris	1	4650	1126	229.13177475567122	0.2595913978494624	0.235752688172043	0.2630752688172043	0.24158064516129032
Spironucleus salmonicida	6	8079	798	146.75383820229425	0.3206151751454388	0.1272929818046788	0.13624210917192722	0.4158497338779552
Babesia sp.	1	3064	994	197.40501186668996	0.30367167101827675	0.1962630548302872	0.18689621409921672	0.31316906005221934
Cryptosporidium muris	1	3904	1774	382.0392442022014	0.3955558401639344	0.09412141393442623	0.11559938524590165	0.3947233606557377
Cryptosporidium parvum	1	3150	1258	280.17832990253913	0.3727277057170527	0.11688126121263118	0.11673837458523187	0.39365265848508424
Neospora caninum	1	6883	911	298.6850398689427	0.2532543948859509	0.2452927502542496	0.3011986052593346	0.20025424960046492
Plasmodium falciparum	1	5321	2012	611.5270129855709	0.503589550836309	0.07253335839127983	0.09106370982897952	0.33281338094343166
Plasmodium vivax	1	5153	955	234.30756379292515	0.2335361297897321	0.21144198953997226	0.3435216720519314	0.21150020861836424
Theileria equi	1	5328	1701	365.8350941047853	0.3069162912912913	0.17699887387387386	0.16672297297297298	0.34936186186186186
Theileria orientalis 	1	3924	1298	281.66277766451464	0.3321355759429154	0.1761850152905199	0.15279051987767583	0.3388888888888889
Toxoplasma gondii	1	8260	1267	397.6323478561426	0.2652118644067797	0.23308111380145277	0.2837046004842615	0.21800242130750605
Vitrella brassicaformis	1	22611	4491	966.0564775129685	0.23336827300711177	0.2301927431624385	0.33276943353501043	0.20366955029543926
Symbiodinium microadriaticum	1	40449	8094	1724.5701325049	0.22439458557389208	0.2515198714382842	0.28476296433648557	0.23932257865133816
Perkinsus marinus 	1	18000	5118	965.8749975152175	0.2422449450125142	0.21194696534080018	0.23341416868755052	0.3123939209591351
Aureococcus anophagefferens	1	7358	1226	204.83043213440132	0.17435238794204788	0.3073473049009215	0.32427491913343665	0.194025388023594
Blastocystis hominis	1	6001	1584	401.00182140305805	0.2642976170638227	0.15380769871688052	0.25726545575737375	0.324629228461923
Ectocarpus siliculosus	1	16045	3099	692.0031187688392	0.22153837524190004	0.24108670383331723	0.30095638164270777	0.23641853928207493
Hondaea fermentalgiana	1	11150	2580	593.7893544388505	0.2712914798206278	0.23232735426008969	0.2217713004484305	0.27460986547085203
Hyphochytrium catenoides	1	9512	2441	502.42834821954546	0.27856684784322794	0.22367245240172837	0.26077860364385663	0.23698209611118703
Nannochloropsis gaditana	1	1778	365	88.50830863142734	0.27111398599431896	0.18758612931349664	0.3536293838062829	0.1876705008859015
Phytophthora infestans	1	17517	4571	994.8818381479285	0.2888729041429036	0.21425553899992578	0.24340486507161738	0.2534666917855532
Pseudo-nitzschia multistriata	1	11848	2714	694.5777398916271	0.3076740740740741	0.21059894179894179	0.23954708994708995	0.2421798941798942
Saprolegnia diclina	1	16729	3780	806.947543925773	0.2574133133273754	0.2538295767364982	0.2202847262282293	0.26847238370789706
Thalassiosira pseudonana	1	9317	2984	652.3050705451294	0.29451540195341847	0.1512289363529033	0.2680744874959751	0.2861811741977031
Emiliania huxleyi	1	31803	4477	914.916577055162	0.17993481613780113	0.2891688821738016	0.34863304126896283	0.18226326041943441
Acanthamoeba castellanii	1	13955	2447	545.4052375311751	0.24351913891884724	0.29562400794006255	0.23747451548061385	0.22338233766047633
Acytostelium subglobosum	1	9686	3169	631.4179531090675	0.32373985586552956	0.2028517149524026	0.17039564705639415	0.3030127821256737
Cavenderia fasciculata	1	12139	5220	1206.5160486558377	0.49160144987231236	0.11741494357031057	0.08943899827003872	0.3015446082873383
Dictyostelium discoideum 	1	13091	6234	1622.856069545562	0.5827269984225744	0.056076908092995544	0.044416180643879935	0.3167799128405501
Entamoeba histolytica	1	8016	3152	708.4923604834086	0.3545288397362725	0.08975966366636103	0.09092610265910664	0.46478539393825985
Reticulomyxa filosa	1	23757	6564	1921.33119831503	0.35213200319905713	0.1445300332533569	0.1399250747148209	0.36341288883276507
Leishmania major	1	8324	1232	289.5003395823312	0.20643921191734743	0.263881547333013	0.33934406535319556	0.190335175396444
Leptomonas seymouri	1	8309	1472	363.5754998580057	0.22372934394068866	0.23087847677735385	0.31779339728236666	0.2275987819995908
Phytomonas	1	6372	1772	419.92495574249017	0.2980037351496414	0.17804736420847786	0.238892637988669	0.28505626265321177
Trypanosoma cruzi	1	16513	3967	994.4144017572183	0.26991264326051084	0.17645152987842727	0.2929160799987888	0.2607197468622731
Leishmania braziliensis	1	8117	1355	319.9452379515072	0.22165824812122706	0.24939632869286682	0.3248798817297031	0.20406554145620304
Trichomonas vaginalis	1	53710	16339	4657.193945455927	0.3441452411407335	0.10284904104130942	0.11660271126229535	0.43640300655566167
Tritrichomonas foetus	1	22975	8154	1997.5009187517846	0.3500006529375661	0.10568447445055304	0.11289072872185295	0.4314241438900279
Chondrus crispus	1	9676	2087	489.45578417885525	0.2525372054568003	0.2263538652335676	0.26540409260024805	0.25570483670938404
Cyanidioschyzon merolae	1	4803	724	192.23659601013642	0.22365188423901727	0.26126379346241935	0.2953050176972725	0.21977930460129086
Galdieria sulphuraria	1	6413	1901	496.4479521007041	0.32082738833142316	0.1448943154086653	0.18499286599770776	0.3492854302622038
Porphyra umbilicalis	1	12445	1267	286.9082893879955	0.13716863936230905	0.26956825687631075	0.4219479465483853	0.1713151572129949
Arabidopsis thaliana	1	27517	8675	1966.4217258307588	0.31284842097612386	0.167632736126758	0.17797179925137188	0.3415470436457463
Brassica oleracea	1	43473	12961	3050.7722865775627	0.30509102285117523	0.16918702815106526	0.18831171818570777	0.33741023081205174
Chlamydomonas reinhardtii 	1	10763	1978	353.8699209527803	0.18717365046920004	0.24802099786304935	0.37893245377682805	0.1858728978909226
Glycine max	1	47347	14529	3341.119579610712	0.2987988653956225	0.16333381910959324	0.1943611936578741	0.34350612183691015
Micractinium conductrix	1	9976	949	191.18267956525895	0.14200581395348838	0.34375501202886927	0.35634021651964715	0.15789895749799518
Ostreococcus sp. 'lucimarinus'	1	6195	1568	294.3826553842628	0.24643260694108152	0.244317998385795	0.25292171105730427	0.2563276836158192
Phaseolus vulgaris	1	25473	7582	1745.134241540288	0.29621363796961486	0.17131276253287794	0.17969614886350252	0.3527774506340046
Physcomitrella patens	1	30264	7444	1898.4630767191957	0.2899142864695542	0.1935493464095481	0.2205190393740335	0.29601732774686423
Tetrabaena socialis	1	10639	1367	281.352824222045	0.1649370670125866	0.26834644633071075	0.400844119831176	0.16587236682552664
Volvox carteri	1	12317	2590	543.872203869617	0.22720906725339676	0.22837007838854903	0.3206623446741659	0.22375850968388833
Amanita muscaria	1	15650	4165	887.0442072621498	0.2675450647616248	0.21306478718441887	0.21980932541837864	0.29958082263557767
Candida albicans	1	5987	2370	546.4195362960132	0.37202833419650166	0.11318642765257196	0.17523430843510365	0.33955092971582274
Coccidioides posadasii	1	7223	1833	408.73338896268467	0.2613475103662631	0.2086612810555244	0.2289507749603694	0.3010404336178431
Cryptococcus neoformans	1	6952	2125	467.9287170942392	0.28858297731555405	0.16655878249111752	0.24624922683007522	0.2986090133632532
Fusarium oxysporum	1	20811	5912	1273.4122806982862	0.2851977232811085	0.19092628053424568	0.2520536359988756	0.2718223601857703
Kwoniella heveanensis	1	7910	1966	393.8469228779362	0.24828065739570165	0.2197724399494311	0.289582806573957	0.24236409608091025
Postia placenta	1	11034	2324	503.2856280162577	0.22529658597594684	0.24214466326502868	0.2633021868967455	0.269256563862279
Puccinia triticina	1	13455	2536	593.5422614068768	0.24855998275695482	0.27994306822151366	0.17324429381554401	0.2982526552059875
Saccharomyces cerevisiae	1	6003	1985	449.68866120048835	0.33855572213893054	0.16549225387306346	0.1632017324670998	0.33275029152090624
Schizosaccharomyces pombe	1	5123	1741	380.0145349110686	0.3107846964669139	0.14878977161819246	0.15127854772594182	0.38914698418895177
Monosiga brevicollis	1	8293	1442	328.83031883090837	0.21357168696491016	0.27628120101290243	0.24986735801278187	0.2602797540094055
Salpingoeca rosetta	1	11429	1728	440.4385075048447	0.19899550690589002	0.2606607079576328	0.2947242237709616	0.2456195613655156
Anolis carolinensis 	1	16370	3712	931.6000840465539	0.2894257788637752	0.21891264508246794	0.22759926695174099	0.2640623091020159
Apis mellifera	1	9957	3577	875.2530897962574	0.37581098724515416	0.12718690368584915	0.13657226072110074	0.36042984834789593
Caenorhabditis elegans 	1	21002	6409	1499.5749983061166	0.3007856394629083	0.14658603942481668	0.13134701457004094	0.42128130654223406
Daphnia pulex 	1	27051	7387	1814.8606434549722	0.3202402957486137	0.19188724584103511	0.17882994454713494	0.30904251386321624
Drosophila melanogaster 	1	13848	3877	859.1887229731748	0.3062030618139804	0.20522819179664933	0.2080192085499711	0.2805495378393992
Fundulus heteroclitus	1	20355	4030	941.0193459854628	0.269194489751803	0.25846729027059956	0.24776711144300115	0.22457110853459628
Homo sapiens	1	18819	3651	825.6650412231721	0.24990435198469632	0.26337743769594557	0.25673521441096764	0.22998299590839047
Nothobranchius furzeri	1	20783	4539	1046.2685278712697	0.28041486628237083	0.24676171412624023	0.23101777448442448	0.24180564510696448
Tribolium castaneum	1	12691	4521	999.1052002077125	0.3153834637417362	0.13292595481801922	0.16542955976329496	0.38626102167694965
Xenopus tropicalis	1	20026	5012	1174.3537640229895	0.2957987011852122	0.21763012491292547	0.20824979588983294	0.2783213780120294
